Quartiere,Descrizione,Latitudine,Longitudine,Nota Centroide
Centro Storico,"Il cuore della città, noto per monumenti come il Castello Estense.",44.8361,11.619,Piazza Trento e Trieste / Castello Estense
Quartiere Giardino,"Zona residenziale a ridosso del centro, ricca di spazi verdi.",44.8392,11.6085,Acquedotto Monumentale / Piazza XXIV Maggio
Mizzana,"Quartiere a nord-ovest, molto apprezzato per la tranquillità e le soluzioni abitative.",44.8452,11.583,Area centrale di Mizzana (Via Modena)
Arianuova,Area storica situata nella parte nord della città.,44.8435,11.6181,Via Arianuova / Corso Ercole I d'Este (Addizione Erculea)
Quacchio,"Zona residenziale a est, vicino al Po di Volano.",44.8315,11.6483,Chiesa di San Giovanni Evangelista di Quacchio
Doro,Storico quartiere operaio e residenziale a nord.,44.8518,11.6022,Area residenziale Doro (Via De Vincenzi)
Villa Fulvia,Quartiere residenziale molto tranquillo situato nella zona sud.,44.8194,11.6491,Via Ravenna (zona residenziale Villa Fulvia)
Barco,Quartiere situato nella periferia nord-ovest.,44.8624,11.6081,Piazza Giovanni XXIII / Via Bentivoglio
San Giorgio,"Situato appena fuori le mura, è l'antico borgo oltre il Po di Volano.",44.8236,11.6288,Basilica di San Giorgio Fuori le Mura
